{
  "project_info": {
    "project_number": "517393498530",
    "project_id": "food-recipe-book-224e7",
    "storage_bucket": "food-recipe-book-224e7.appspot.com"
  },
  "client": [
    {
      "client_info": {
        "mobilesdk_app_id": "1:517393498530:android:5868a9de6d04dcf82cf2fb",
        "android_client_info": {
          "package_name": "com.example.foodrecipebook"
        }
      },
      "oauth_client": [
        {
          "client_id": "517393498530-gt2kfhvg3i7modbuimvojo4hprd5cpm2.apps.googleusercontent.com",
          "client_type": 3
        }
      ],
      "api_key": [
        {
          "current_key": "AIzaSyDC0axlmbbM5u2CtsW6d5yh4qakNJWAGyQ"
        }
      ],
      "services": {
        "appinvite_service": {
          "other_platform_oauth_client": [
            {
              "client_id": "517393498530-gt2kfhvg3i7modbuimvojo4hprd5cpm2.apps.googleusercontent.com",
              "client_type": 3
            }
          ]
        }
      }
    }
  ],
  "configuration_version": "1"
}